end station id,station_name,station_latitude,station_longitude,sitetype
505,6 Ave & W 33 St,40.74901271,-73.98848395,Station
3255,8 Ave & W 31 St,40.75058535,-73.99468482,Station
525,W 34 St & 11 Ave,40.75594159,-74.0021163,Station
447,8 Ave & W 52 St,40.76370739,-73.9851615,Station
3356,Amsterdam Ave & W 66 St,40.7746671,-73.98470567,Station
482,W 15 St & 7 Ave,40.73935542,-73.99931783,Station
228,E 48 St & 3 Ave,40.7546011,-73.97187886,Station
173,Broadway & W 49 St,40.76068327,-73.98452729,Station
479,9 Ave & W 45 St,40.76019252,-73.9912551,Station
450,W 49 St & 8 Ave,40.76227205,-73.98788205,Station
347,Greenwich St & W Houston St,40.728846,-74.008591,Station
127,Barrow St & Hudson St,40.73172428,-74.00674436,Station
3635,W 36 St & 9 Ave,40.75462324,-73.99516761,Station
457,Broadway & W 58 St,40.76695317,-73.98169333,Station
523,W 38 St & 8 Ave,40.75466591,-73.99138152,Station
514,12 Ave & W 40 St,40.76087502,-74.00277668,Station
478,11 Ave & W 41 St,40.76030096,-73.99884222,Station
484,W 44 St & 5 Ave,40.75500254,-73.98014437,Station
490,8 Ave & W 33 St,40.751551,-73.993934,Station
500,Broadway & W 51 St,40.76228826,-73.98336183,Station
477,W 41 St & 8 Ave,40.75640548,-73.9900262,Station
3466,W 45 St & 6 Ave (OLD),40.75668721,-73.98257732,Station
529,W 42 St & 8 Ave,40.7575699,-73.99098507,Station
3459,E 53 St & 3 Ave,40.75763228,-73.96930575,Station
3236,W 42 St & Dyer Ave,40.75898481,-73.99379969,Station
3233,E 48 St & 5 Ave,40.75724568,-73.97805914,Station
465,Broadway & W 41 St,40.75513557,-73.98658032,Station
487,E 20 St & FDR Drive,40.73314259,-73.97573881,Station
469,Broadway & W 53 St,40.76344058,-73.98268129,Station
359,E 47 St & Park Ave,40.75510267,-73.97498696,Station
379,W 31 St & 7 Ave,40.749156,-73.9916,Station
3167,Amsterdam Ave & W 73 St,40.77966809,-73.98093045,Station
3175,W 70 St & Amsterdam Ave,40.77748046,-73.98288594,Station
3173,Riverside Blvd & W 67 St,40.77750703,-73.98888588,Station
442,W 27 St & 7 Ave,40.746647,-73.993915,Station
546,E 30 St & Park Ave S,40.74444921,-73.98303529,Station
3435,Grand St & Elizabeth St,40.718822,-73.99596,Station
328,Watts St & Greenwich St,40.72405549,-74.00965965,Station
3534,Frederick Douglass Blvd & W 117 St,40.805159,-73.954692,Station
2006,Central Park S & 6 Ave,40.76590936,-73.97634151,Station
383,Greenwich Ave & Charles St,40.735238,-74.000271,Station
2021,W 45 St & 8 Ave,40.75929124,-73.98859651,Station
3141,1 Ave & E 68 St,40.76500525,-73.95818491,Station
72,W 52 St & 11 Ave,40.76727216,-73.99392888,Station
519,Pershing Square North,40.751873,-73.977706,Station
480,W 53 St & 10 Ave,40.76669671,-73.99061728,Station
520,W 52 St & 5 Ave,40.75992262,-73.97648516,Station
358,Christopher St & Greenwich St,40.73291553,-74.00711384,Station
212,W 16 St & The High Line,40.74334935,-74.00681753,Station
388,W 26 St & 10 Ave,40.74971775,-74.00295035,Station
448,W 37 St & 10 Ave,40.75660359,-73.9979009,Station
3458,W 55 St & 6 Ave,40.76309387,-73.97835016,Station
468,Broadway & W 56 St,40.7652654,-73.98192338,Station
3323,W 106 St & Central Park West,40.7981856,-73.9605909,Station
507,E 25 St & 2 Ave,40.73912601,-73.97973776,Station
380,W 4 St & 7 Ave S,40.73401143,-74.00293877,Station
504,1 Ave & E 16 St,40.73221853,-73.98165557,Station
426,West St & Chambers St,40.71754834,-74.01322069,Station
446,W 24 St & 7 Ave,40.74487634,-73.99529885,Station
2009,Catherine St & Monroe St,40.71117444,-73.99682619,Station
382,University Pl & E 14 St,40.73492695,-73.99200509,Station
515,W 43 St & 10 Ave,40.76009437,-73.99461843,Station
3443,W 52 St & 6 Ave,40.76132983,-73.97982001,Station
449,W 52 St & 9 Ave,40.76461837,-73.98789473,Station
3283,W 89 St & Columbus Ave,40.7882213,-73.97041561,Station
377,6 Ave & Canal St,40.72243797,-74.00566443,Station
458,11 Ave & W 27 St,40.751396,-74.005226,Station
522,E 51 St & Lexington Ave,40.75714758,-73.97207836,Station
3259,9 Ave & W 28 St,40.74937024,-73.99923384,Station
2023,E 55 St & Lexington Ave,40.75968085,-73.97031366,Station
499,Broadway & W 60 St,40.76915505,-73.98191841,Station
492,W 33 St & 7 Ave,40.75019995,-73.99093085,Station
3301,Columbus Ave & W 95 St,40.7919557,-73.968087,Station
3224,W 13 St & Hudson St,40.73997354,-74.00513873,Station
491,E 24 St & Park Ave S,40.74096374,-73.98602213,Station
385,E 55 St & 2 Ave,40.75797322,-73.96603308,Station
526,E 33 St & 5 Ave,40.74765947,-73.98490707,Station
459,W 20 St & 11 Ave,40.746745,-74.007756,Station
3643,E 41 St & 5 Ave,40.75272201,-73.98123622,Station
486,Broadway & W 29 St,40.7462009,-73.98855723,Station
257,Lispenard St & Broadway,40.71939226,-74.00247214,Station
540,Lexington Ave & E 29 St,40.74311555,-73.98215353,Station
3002,South End Ave & Liberty St,40.711512,-74.015756,Station
517,Pershing Square South,40.751581,-73.97791,Station
368,Carmine St & 6 Ave,40.73038599,-74.00214988,Station
3331,Riverside Dr & W 104 St,40.8013434,-73.97114574,Station
3462,E 44 St & 2 Ave,40.75118387,-73.97138715,Station
3641,Broadway & W 25 St,40.74286877,-73.98918629,Station
530,11 Ave & W 59 St,40.771522,-73.990541,Station
164,E 47 St & 2 Ave,40.75323098,-73.97032517,Station
3231,E 67 St & Park Ave,40.7678008,-73.96592081,Station
362,Broadway & W 37 St,40.75172632,-73.98753523,Station
3142,1 Ave & E 62 St,40.7612274,-73.96094022,Station
267,Broadway & W 36 St,40.75097711,-73.98765428,Station
435,W 21 St & 6 Ave,40.74173969,-73.99415556,Station
3320,Central Park West & W 100 St,40.79406661,-73.96286845,Station
284,Greenwich Ave & 8 Ave,40.73901691,-74.00263761,Station
423,W 54 St & 9 Ave,40.76584941,-73.98690506,Station
297,E 15 St & 3 Ave,40.734232,-73.986923,Station
533,Broadway & W 38 St,40.75299641,-73.98721619,Station
524,W 43 St & 6 Ave,40.75527307,-73.98316936,Station
441,E 52 St & 2 Ave,40.756014,-73.967416,Station
3256,Pier 40 - Hudson River Park,40.72771408,-74.01129574,Station
3160,Central Park West & W 76 St,40.77896784,-73.97374737,Station
305,E 58 St & 3 Ave,40.76095756,-73.96724467,Station
485,W 37 St & 5 Ave,40.75038009,-73.98338988,Station
3314,W 95 St & Broadway,40.7937704,-73.971888,Station
3316,W 104 St & Amsterdam Ave - 1,40.7989937,-73.96621738,Station
3155,Lexington Ave & E 63 St,40.76440023,-73.96648977,Station
2008,Little West St & 1 Pl,40.70569254,-74.01677685,Station
146,Hudson St & Reade St,40.71625008,-74.0091059,Station
336,Sullivan St & Washington Sq,40.73047747,-73.99906065,Station
495,W 47 St & 10 Ave,40.76269882,-73.99301222,Station
405,Washington St & Gansevoort St,40.739323,-74.008119,Station
494,W 26 St & 8 Ave,40.74734825,-73.99723551,Station
536,1 Ave & E 30 St,40.74144387,-73.97536082,Station
3223,E 55 St & 3 Ave,40.75899656,-73.96865398,Station
3533,St. Nicholas Ave & W 126 St,40.8114323,-73.9518776,Station
248,Laight St & Hudson St,40.72185379,-74.00771779,Station
3461,Murray St & Greenwich St,40.71485151,-74.01122332,Station
508,W 46 St & 11 Ave,40.76341379,-73.99667444,Station
3372,E 74 St & 1 Ave,40.7689738,-73.95482273,Station
302,Avenue D & E 3 St,40.72082834,-73.97793172,Station
3360,Amsterdam Ave & W 79 St,40.7829391,-73.9786517,Station
440,E 45 St & 3 Ave,40.75255434,-73.97282625,Station
3263,Cooper Square & Astor Pl,40.72951496,-73.9907527,Station
3434,W 88 St & West End Ave,40.79025417,-73.9771834,Station
161,LaGuardia Pl & W 3 St,40.72917025,-73.99810231,Station
3431,E 35 St & 3 Ave,40.746524,-73.977885,Station
470,W 20 St & 8 Ave,40.74345335,-74.00004031,Station
3176,W 64 St & West End Ave,40.77452835,-73.98753759,Station
3140,1 Ave & E 78 St,40.77140426,-73.9535166,Station
496,E 16 St & 5 Ave,40.73726186,-73.99238967,Station
3658,W 18 St & 9 Ave,40.74353373,-74.00367558,Station
462,W 22 St & 10 Ave,40.74691959,-74.00451887,Station
456,E 53 St & Madison Ave,40.7597108,-73.97402311,Station
3437,Riverside Dr & W 91 St,40.79313481,-73.97700369,Station
537,Lexington Ave & E 24 St,40.74025878,-73.98409214,Station
3235,E 41 St & Madison Ave,40.75216528,-73.97992194,Station
345,W 13 St & 6 Ave,40.73649403,-73.99704374,Station
363,West Thames St,40.70834698,-74.01713445,Station
518,E 39 St & 2 Ave,40.74780373,-73.9734419,Station
253,W 13 St & 5 Ave,40.73543934,-73.99453948,Station
3178,Riverside Dr & W 78 St,40.78414472,-73.98362492,Station
509,9 Ave & W 22 St,40.7454973,-74.00197139,Station
3307,West End Ave & W 94 St,40.7941654,-73.974124,Station
402,Broadway & E 22 St,40.7403432,-73.98955109,Station
394,E 9 St & Avenue C,40.72521311,-73.97768752,Station
527,E 33 St & 2 Ave,40.744023,-73.976056,Station
3366,West End Ave & W 107 St,40.8021174,-73.96818053,Station
3162,W 78 St & Broadway,40.78339981,-73.98093133,Station
3244,University Pl & E 8 St,40.73143724,-73.99490342,Station
360,William St & Pine St,40.70717936,-74.00887308,Station
3163,Central Park West & W 68 St,40.7734066,-73.97782542,Station
3547,Broadway & Moylan Pl,40.8143256,-73.9590255,Station
303,Mercer St & Spring St,40.72362738,-73.99949601,Station
223,W 13 St & 7 Ave,40.73781509,-73.99994661,Station
167,E 39 St & 3 Ave,40.7489006,-73.97604882,Station
387,Centre St & Chambers St,40.71273266,-74.0046073,Station
3659,W 17 St & 9 Ave,40.74294892,-74.00413692,Station
268,Howard St & Centre St,40.71910537,-73.99973337,Station
3143,5 Ave & E 78 St,40.77632142,-73.96427393,Station
3158,W 63 St & Broadway,40.77163851,-73.98261428,Station
3359,E 68 St & Madison Ave,40.7691572,-73.96703464,Station
309,Murray St & West St,40.7149787,-74.013012,Station
259,South St & Whitehall St,40.70122128,-74.01234218,Station
393,E 5 St & Avenue C,40.72299208,-73.97995466,Station
422,W 59 St & 10 Ave,40.770513,-73.988038,Station
3161,W 76 St & Columbus Ave,40.78018397,-73.97728533,Station
3145,E 84 St & Park Ave,40.77862688,-73.95772073,Station
3508,St Nicholas Ave & Manhattan Ave,40.809725,-73.953149,Station
249,Harrison St & Hudson St,40.71870987,-74.0090009,Station
3166,Riverside Dr & W 72 St,40.78057799,-73.98562431,Station
3542,Amsterdam Ave & W 119 St,40.8086249,-73.9596214,Station
247,Perry St & Bleecker St,40.73535398,-74.00483091,Station
503,E 20 St & Park Ave,40.73827428,-73.98751968,Station
301,E 2 St & Avenue B,40.72217444,-73.98368779,Station
513,W 56 St & 10 Ave,40.768254,-73.988639,Station
3376,E 65 St & 2 Ave,40.76471852,-73.9622207,Station
304,Broadway & Battery Pl,40.70463334,-74.01361706,Station
236,St Marks Pl & 2 Ave,40.7284186,-73.98713956,Station
3362,Madison Ave & E 82 St,40.7781314,-73.96069399,Station
3129,Queens Plaza North & Crescent St,40.75110165,-73.94073717,Station
3489,Gold St & Frankfort St,40.71069995,-74.00354147,Station
3305,E 91 St & 2 Ave,40.7811223,-73.94965589,Station
238,Bank St & Washington St,40.7361967,-74.00859207,Station
355,Bayard St & Baxter St,40.71602118,-73.99974372,Station
3472,W 15 St & 10 Ave,40.74275383,-74.00747359,Station
3169,Riverside Dr & W 82 St,40.78720869,-73.98128127,Station
3159,W 67 St & Broadway,40.77492513,-73.98266566,Station
369,Washington Pl & 6 Ave,40.73224119,-74.00026394,Station
453,W 22 St & 8 Ave,40.74475148,-73.99915362,Station
281,Grand Army Plaza & Central Park S,40.7643971,-73.97371465,Station
498,Broadway & W 32 St,40.74854862,-73.98808416,Station
3375,3 Ave & E 72 St,40.7699426,-73.96060712,Station
3539,W 116 St & Amsterdam Ave,40.8067581,-73.9607082,Station
3164,Columbus Ave & W 72 St,40.7770575,-73.97898475,Station
3134,3 Ave & E 62 St,40.76312584,-73.96526895,Station
472,E 32 St & Park Ave,40.7457121,-73.98194829,Station
3226,W 82 St & Central Park West,40.78275,-73.97137,Station
3536,W 116 St & Broadway,40.8082,-73.9641,Station
3171,Amsterdam Ave & W 82 St,40.78524672,-73.97667321,Station
3656,E 2 St & Avenue A,40.72307749,-73.98583621,Station
3664,North Moore St & Greenwich St,40.72019521,-74.01030064,Station
2010,Grand St & Greene St,40.72165481,-74.00234737,Station
276,Duane St & Greenwich St,40.71748752,-74.0104554,Station
3427,Lafayette St & Jersey St,40.72430527,-73.99600983,Station
417,Barclay St & Church St,40.71291224,-74.01020234,Station
293,Lafayette St & E 8 St,40.73020661,-73.99102628,Station
251,Mott St & Prince St,40.72317958,-73.99480012,Station
327,Vesey Pl & River Terrace,40.7153379,-74.01658354,Station
386,Centre St & Worth St,40.71494807,-74.00234482,Station
312,Allen St & Stanton St,40.722055,-73.989111,Station
483,E 12 St & 3 Ave,40.73223272,-73.98889957,Station
319,Fulton St & Broadway,40.711066,-74.009447,Station
285,Broadway & E 14 St,40.73454567,-73.99074142,Station
3632,E 12 St & Avenue B,40.72804857,-73.9788115,Station
350,Clinton St & Grand St,40.71559509,-73.9870295,Station
335,Washington Pl & Broadway,40.72903917,-73.99404649,Station
357,E 11 St & Broadway,40.73261787,-73.99158043,Station
346,Bank St & Hudson St,40.73652889,-74.00618026,Station
321,Cadman Plaza E & Red Cross Pl,40.69991755,-73.98971773,Station
229,Great Jones St,40.72743423,-73.99379025,Station
330,Reade St & Broadway,40.71450451,-74.00562789,Station
401,Allen St & Rivington St,40.72019576,-73.98997825,Station
168,W 18 St & 6 Ave,40.73971301,-73.99456405,Station
152,Warren St & Church St,40.71473993,-74.00910627,Station
415,Pearl St & Hanover Square,40.7047177,-74.00926027,Station
311,Norfolk St & Broome St,40.7172274,-73.98802084,Station
438,St Marks Pl & 1 Ave,40.72779126,-73.98564945,Station
307,Canal St & Rutgers St,40.71427487,-73.98990025,Station
408,Market St & Cherry St,40.71076228,-73.99400398,Station
308,St James Pl & Oliver St,40.71307916,-73.99851193,Station
403,E 2 St & 2 Ave,40.72502876,-73.99069656,Station
195,Liberty St & Broadway,40.70905623,-74.01043382,Station
317,E 6 St & Avenue B,40.72453734,-73.98185424,Station
439,E 4 St & 2 Ave,40.7262807,-73.98978041,Station
3467,W Broadway & Spring Street,40.72494672,-74.00165856,Station
79,Franklin St & W Broadway,40.71911552,-74.00666661,Station
3389,Carroll St & Columbia St,40.6830456,-74.00348559,Station
3080,S 4 St & Rodney St,40.70934,-73.95608,Station
296,Division St & Bowery,40.71413089,-73.9970468,Station
3474,6 Ave & Spring St,40.7252557,-74.00412083,Station
532,S 5 Pl & S 5 St,40.710451,-73.960876,Station
376,John St & William St,40.70862144,-74.00722156,Station
128,MacDougal St & Prince St,40.72710258,-74.00297088,Station
151,Cleveland Pl & Spring St,40.72210379,-73.99724901,Station
534,Water - Whitehall Plaza,40.70255065,-74.0127234,Station
3258,W 27 St & 10 Ave,40.75018156,-74.00218427,Station
150,E 2 St & Avenue C,40.7208736,-73.98085795,Station
252,MacDougal St & Washington Sq,40.73226398,-73.99852205,Station
351,Front St & Maiden Ln,40.70530954,-74.00612572,Station
3411,Bond St & Bergen St,40.6849668,-73.98620772,Station
306,Cliff St & Fulton St_1,40.70823502,-74.00530063,Station
3298,Warren St & Court St,40.686371,-73.99383324,Station
433,E 13 St & Avenue A,40.72955361,-73.98057249,Station
412,Forsyth St & Canal St,40.7158155,-73.99422366,Station
432,E 7 St & Avenue A,40.72621788,-73.98379855,Station
502,Henry St & Grand St,40.714215,-73.981346,Station
3076,Scholes St & Manhattan Ave,40.70870368,-73.9448625,Station
3077,Stagg St & Union Ave,40.70877084,-73.95095259,Station
265,Stanton St & Chrystie St,40.72229346,-73.99147535,Station
3100,Nassau Ave & Newell St,40.72481256,-73.94752622,Station
315,South St & Gouverneur Ln,40.70355377,-74.00670227,Station
2003,1 Ave & E 18 St,40.73381219,-73.98054421,Station
310,State St & Smith St,40.68926942,-73.98912867,Station
254,W 11 St & 6 Ave,40.73532427,-73.99800419,Station
481,S 3 St & Bedford Ave,40.71260486,-73.96264403,Station
320,Leonard St & Church St,40.717571,-74.005549,Station
461,E 20 St & 2 Ave,40.73587678,-73.98205027,Station
295,Pike St & E Broadway,40.71406667,-73.99293911,Station
410,Suffolk St & Stanton St,40.72066442,-73.98517977,Station
531,Forsyth St & Broome St,40.71893904,-73.99266288,Station
279,Peck Slip & Front St,40.707873,-74.00167,Station
3260,Mercer St & Bleecker St,40.72706363,-73.99662137,Station
356,Bialystoker Pl & Delancey St,40.71622644,-73.98261206,Station
325,E 19 St & 3 Ave,40.73624527,-73.98473765,Station
264,Maiden Ln & Pearl St,40.70706456,-74.00731853,Station
260,Broad St & Bridge St,40.70365182,-74.01167797,Station
3106,Driggs Ave & N Henry St,40.72325,-73.94308,Station
82,St James Pl & Pearl St,40.71117416,-74.00016545,Station
280,E 10 St & 5 Ave,40.73331967,-73.99510132,Station
407,Henry St & Poplar St,40.700469,-73.991454,Station
331,Pike St & Monroe St,40.71173107,-73.99193043,Station
3440,Fulton St & Adams St,40.69241829,-73.98949474,Station
3282,5 Ave & E 88 St,40.78307,-73.95939,Station
3321,Clinton St & Union St,40.6831164,-73.99785267,Station
539,Metropolitan Ave & Bedford Ave,40.71534825,-73.96024116,Station
322,Clinton St & Tillary St,40.696192,-73.991218,Station
427,Bus Slip & State St,40.701907,-74.013942,Station
3110,Meserole Ave & Manhattan Ave,40.72708584,-73.95299117,Station
242,Carlton Ave & Flushing Ave,40.697787,-73.973736,Station
497,E 17 St & Broadway,40.73704984,-73.99009296,Station
361,Allen St & Hester St,40.71605866,-73.99190759,Station
3329,Degraw St & Smith St,40.6829151,-73.99318208,Station
326,E 11 St & 1 Ave,40.72953837,-73.98426726,Station
3412,Pacific St & Nevins St,40.6853761,-73.98302136,Station
339,Avenue D & E 12 St,40.72580614,-73.97422494,Station
3043,Lewis Ave & Decatur St,40.6814598,-73.934903,Station
316,Fulton St & William St,40.70955958,-74.00653609,Station
460,S 4 St & Wythe Ave,40.71285887,-73.96590294,Station
340,Madison St & Clinton St,40.71269042,-73.98776323,Station
473,Rivington St & Chrystie St,40.72110063,-73.9919254,Station
3311,Columbia St & Kane St,40.68763155,-74.0016256,Station
3409,Bergen St & Smith St,40.6867443,-73.99063168,Station
445,E 10 St & Avenue A,40.72740794,-73.98142006,Station
337,Old Slip & Front St,40.7037992,-74.00838676,Station
291,Madison St & Montgomery St,40.713126,-73.984844,Station
314,Cadman Plaza West & Montague St,40.69383,-73.990539,Station
342,Columbia St & Rivington St,40.71739973,-73.98016555,Station
237,E 11 St & 2 Ave,40.73047309,-73.98672378,Station
341,Stanton St & Mangin St,40.71782143,-73.97628939,Station
332,Cherry St,40.71219906,-73.97948148,Station
400,Pitt St & Stanton St,40.71926081,-73.98178024,Station
391,Clark St & Henry St,40.69760127,-73.99344559,Station
3078,Broadway & Roebling St,40.70924826,-73.96063149,Station
232,Cadman Plaza E & Tillary St,40.69597683,-73.99014892,Station
501,FDR Drive & E 35 St,40.744219,-73.97121214,Station
3455,Schermerhorn St & 3 Ave,40.68680821,-73.98036182,Station
334,W 20 St & 7 Ave,40.74238787,-73.99726235,Station
174,E 25 St & 1 Ave,40.7381765,-73.97738662,Station
3300,Prospect Park West & 8 St,40.66514682,-73.97637606,Station
3414,Bergen St & Flatbush Ave,40.68094472,-73.97567332,Station
3581,Underhill Ave & Lincoln Pl,40.6740123,-73.9671457,Station
3413,Wyckoff St & 3 Ave,40.6827549,-73.98258555,Station
3242,Schermerhorn St & Court St,40.69102926,-73.99183363,Station
262,Washington Park,40.6917823,-73.9737299,Station
3558,Bergen St & Vanderbilt Ave,40.6794388,-73.9680438,Station
270,Adelphi St & Myrtle Ave,40.69308257,-73.97178913,Station
3046,Marcus Garvey Blvd & Macon St,40.682601,-73.938037,Station
3317,10 St & 5 Ave,40.6686273,-73.98700053,Station
3371,4 Ave & 2 St,40.67461342,-73.98501143,Station
244,Willoughby Ave & Hall St,40.69196035,-73.96536851,Station
3050,Putnam Ave & Throop Ave,40.6851532,-73.94111,Station
3417,Baltic St & 5 Ave,40.6795766,-73.97854971,Station
120,Lexington Ave & Classon Ave,40.68676793,-73.95928168,Station
3637,Fulton St & Waverly Ave,40.68323865,-73.96599591,Station
365,Fulton St & Grand Ave,40.68223166,-73.9614583,Station
3549,Grand Ave & Bergen St,40.678045,-73.962408,Station
3397,Court St & Nelson St,40.6763947,-73.99869893,Station
3364,Carroll St & 5 Ave,40.6751622,-73.9814832,Station
3398,Smith St & 9 St,40.6746957,-73.99785768,Station
3419,Douglass St & 4 Ave,40.6792788,-73.98154004,Station
3365,3 St & 7 Ave,40.6703837,-73.97839676,Station
390,Duffield St & Willoughby St,40.69221589,-73.9842844,Station
3537,Carlton Ave & Dean St,40.6809741,-73.9710097,Station
3049,Cambridge Pl & Gates Ave,40.68488,-73.96304,Station
274,Lafayette Ave & Fort Greene Pl,40.68691865,-73.976682,Station
3349,Grand Army Plaza & Plaza St West,40.6729679,-73.97087984,Station
3054,Greene Ave & Throop Ave,40.6894932,-73.942061,Station
3339,Berkeley Pl & 6 Ave,40.6765304,-73.97846879,Station
3407,Union St & Nevins St,40.679098,-73.98765475,Station
3306,10 St & 7 Ave,40.6662078,-73.98199886,Station
397,Fulton St & Clermont Ave,40.68415748,-73.96922273,Station
420,Clermont Ave & Lafayette Ave,40.68764484,-73.96968902,Station
3544,Underhill Ave & Pacific St,40.6804836,-73.9646795,Station
3404,7 St & 5 Ave,40.6704922,-73.98541675,Station
354,Emerson Pl & Myrtle Ave,40.69363137,-73.96223558,Station
3486,Schermerhorn St & Bond St,40.68841743,-73.98451656,Station
3232,Bond St & Fulton St,40.68962189,-73.98304269,Station
396,Lefferts Pl & Franklin Ave,40.68034242,-73.95576894,Station
3576,Park Pl & Vanderbilt Ave,40.6767,-73.969024,Station
364,Lafayette Ave & Classon Ave,40.68900443,-73.96023854,Station
144,Nassau St & Navy St,40.69839895,-73.98068914,Station
436,Hancock St & Bedford Ave,40.68216564,-73.95399026,Station
353,S Portland Ave & Hanson Pl,40.68539567,-73.97431458,Station
3044,Albany Ave & Fulton St,40.6800105,-73.938475,Station
258,DeKalb Ave & Vanderbilt Ave,40.68940747,-73.96885458,Station
3373,3 St & 3 Ave,40.6750705,-73.98775226,Station
3418,Plaza St West & Flatbush Ave,40.6750207,-73.97111473,Station
421,Clermont Ave & Park Ave,40.69573398,-73.97129668,Station
399,Lafayette Ave & St James Pl,40.68851534,-73.9647628,Station
3405,5 St & 6 Ave,40.6704836,-73.98208968,Station
282,Kent Ave & S 11 St,40.70764494,-73.96841526,Station
3384,Smith St & 3 St,40.6787242,-73.99599099,Station
3582,Lincoln Pl & Classon Ave,40.6721683,-73.9609,Station
3571,Bedford Ave & Bergen St,40.676368,-73.952918,Station
3368,5 Ave & 3 St,40.6728155,-73.98352355,Station
3401,2 Ave & 9 St,40.6724811,-73.99331394,Station
3415,Prospect Pl & 6 Ave,40.6793307,-73.97519523,Station
3420,Douglass St & 3 Ave,40.6802133,-73.98432695,Station
3562,Classon Ave & St Marks Ave,40.6765198,-73.9596082,Station
3546,Pacific St & Classon Ave,40.6791944,-73.9587903,Station
3346,Berkeley Pl & 7 Ave,40.67514684,-73.97523209,Station
344,Monroe St & Bedford Ave,40.6851443,-73.95380904,Station
3580,St Johns Pl & Washington Ave,40.6737236,-73.9631611,Station
3361,Carroll St & 6 Ave,40.6740886,-73.9787282,Station
416,Cumberland St & Lafayette Ave,40.68753406,-73.97265183,Station
289,Monroe St & Classon Ave,40.6845683,-73.95881081,Station
83,Atlantic Ave & Fort Greene Pl,40.68382604,-73.97632328,Station
275,Washington Ave & Greene Ave,40.68650065,-73.96563307,Station
3421,Hoyt St & Warren St,40.6843549,-73.98901629,Station
372,Franklin Ave & Myrtle Ave,40.69454609,-73.95801365,Station
261,Johnson St & Gold St,40.69474881,-73.98362464,Station
3478,2 Ave & 36 St - Citi Bike HQ at Industry City,40.65708867,-74.00870204,Station
3249,Verona Pl & Fulton St,40.68035608,-73.9476791,Station
366,Clinton Ave & Myrtle Ave,40.693261,-73.968896,Station
217,Old Fulton St,40.70277159,-73.99383605,Station
419,Carlton Ave & Park Ave,40.69580705,-73.97355569,Station
414,Pearl St & Anchorage Pl,40.70281858,-73.98765762,Station
3382,Carroll St & Smith St,40.680611,-73.99475825,Station
3423,West Drive & Prospect Park West,40.66106337,-73.97945255,Station
3047,Halsey St & Tompkins Ave,40.6823687,-73.944118,Station
324,DeKalb Ave & Hudson Ave,40.689888,-73.981013,Station
239,Willoughby St & Fleet St,40.69196566,-73.9813018,Station
3319,14 St & 5 Ave,40.666287,-73.98895053,Station
243,Fulton St & Rockwell Pl,40.688226,-73.979382,Station
3352,Sigourney St & Columbia St,40.67267243,-74.00879525,Station
3601,Sterling St & Bedford Ave,40.6627059,-73.9569115,Station
3354,3 St & Prospect Park West,40.668132,-73.97363831,Station
3358,Garfield Pl & 8 Ave,40.6711978,-73.97484126,Station
409,DeKalb Ave & Skillman St,40.6906495,-73.95643107,Station
119,Park Ave & St Edwards St,40.69608941,-73.97803415,Station
245,Myrtle Ave & St Edwards St,40.69327018,-73.97703874,Station
3377,Carroll St & Bond St,40.6786115,-73.99037292,Station
430,York St & Jay St,40.7014851,-73.98656928,Station
3066,Tompkins Ave & Hopkins St,40.69957608,-73.94708417,Station
313,Washington Ave & Park Ave,40.69610226,-73.96751037,Station
3303,Butler St & Court St,40.6849894,-73.99440329,Station
3569,Franklin Ave & St Marks Ave,40.6758324,-73.9561677,Station
3429,Hanson Pl & Ashland Pl,40.68506807,-73.9779076,Station
3402,Court St & State St,40.6902375,-73.99203074,Station
3041,Kingston Ave & Herkimer St,40.67890679,-73.94142771,Station
323,Lawrence St & Willoughby St,40.69236178,-73.98631746,Station
3574,Prospect Pl & Underhill Ave,40.6769694,-73.96579,Station
3315,Henry St & Degraw St,40.6847514,-73.99917254,Station
3075,Division Ave & Marcy Ave,40.70708701,-73.95796783,Station
3661,Montgomery St & Franklin Ave,40.66643931,-73.96055639,Station
3304,6 Ave & 9 St,40.668127,-73.98377641,Station
3453,Devoe St & Lorimer St,40.71335226,-73.94910336,Station
3335,Union St & 4 Ave,40.6772744,-73.98282002,Station
3093,N 6 St & Bedford Ave,40.71745169,-73.95850939,Station
3584,Eastern Pkwy & Franklin Ave,40.6707767,-73.9576801,Station
3085,Roebling St & N 4 St,40.71469,-73.95739,Station
3083,Bushwick Ave & Powers St,40.71247661,-73.94100005,Station
343,Clinton Ave & Flushing Ave,40.69794,-73.96986848,Station
467,Dean St & 4 Ave,40.68312489,-73.97895137,Station
3663,Sterling Pl & 7 Ave,40.67716489,-73.97382796,Station
3410,Dean St & Hoyt St,40.6864442,-73.98759104,Station
406,Hicks St & Montague St,40.69512845,-73.99595065,Station
157,Henry St & Atlantic Ave,40.69089272,-73.99612349,Station
418,Front St & Gold St,40.70224,-73.982578,Station
3322,12 St & 4 Ave,40.668603,-73.9904394,Station
3241,Monroe St & Tompkins Ave,40.686203,-73.944694,Station
3604,Rogers Ave & Sterling St,40.6630619,-73.9538746,Station
2002,Wythe Ave & Metropolitan Ave,40.716887,-73.963198,Station
373,Willoughby Ave & Walworth St,40.69331716,-73.95381995,Station
3297,6 St & 7 Ave,40.6686627,-73.97988067,Station
3048,Putnam Ave & Nostrand Ave,40.68402,-73.94977,Station
241,DeKalb Ave & S Portland Ave,40.68981035,-73.97493121,Station
392,Jay St & Tech Pl,40.695065,-73.987167,Station
3579,Sterling Pl & Bedford Ave,40.672695,-73.954131,Station
3332,Degraw St & Hoyt St,40.68199044,-73.99079025,Station
3648,Flushing Ave & Vanderbilt Ave,40.69795032,-73.9707756,Station
3308,Kane St & Clinton St,40.6861758,-73.99645295,Station
3121,Jackson Ave & 46 Rd,40.74524768,-73.94733276,Station
3058,Lewis Ave & Kosciuszko St,40.69237074,-73.93705428,Station
2000,Front St & Washington St,40.70255088,-73.98940236,Station
3386,1 Pl & Clinton St,40.6809591,-73.99905709,Station
2001,Sands St & Navy St,40.699773,-73.979927,Station
3016,Kent Ave & N 7 St,40.72036775,-73.96165073,Station
3088,Union Ave & Jackson St,40.7160751,-73.952029,Station
278,Concord St & Bridge St,40.69766564,-73.98476437,Station
3115,India St & Manhattan Ave,40.73232194,-73.9550858,Station
2005,Railroad Ave & Kay Ave,40.70531194,-73.97100056,Station
437,Macon St & Nostrand Ave,40.68098339,-73.95004798,Station
3599,Franklin Ave & Empire Blvd,40.66314,-73.9605695,Station
3578,Park Pl & Franklin Ave,40.6741806,-73.9564947,Station
3056,Kosciuszko St & Nostrand Ave,40.69072549,-73.95133465,Station
3057,Kosciuszko St & Tompkins Ave,40.69128258,-73.9452416,Station
3060,Willoughby Ave & Tompkins Ave,40.69425403,-73.94626915,Station
3062,Myrtle Ave & Marcy Ave,40.69539817,-73.94954908,Station
143,Clinton St & Joralemon St,40.69239502,-73.99337909,Station
3067,Broadway & Whipple St,40.7016657,-73.9437303,Station
3055,Greene Ave & Nostrand Ave,40.6883337,-73.950916,Station
3107,Bedford Ave & Nassau Ave,40.72311651,-73.95212324,Station
389,Broadway & Berry St,40.71044554,-73.96525063,Station
3053,Marcy Ave & Lafayette Ave,40.6900815,-73.947915,Station
3463,E 16 St & Irving Pl,40.73536706,-73.98797393,Station
3177,W 84 St & Broadway,40.7867947,-73.977112,Station
3447,E 71 St & 1 Ave,40.76703432,-73.9562273,Station
466,W 25 St & 6 Ave,40.74395411,-73.99144871,Station
474,5 Ave & E 29 St,40.7451677,-73.98683077,Station
545,E 23 St & 1 Ave,40.736502,-73.97809472,Station
2012,E 27 St & 1 Ave,40.739445,-73.976806,Station
476,E 31 St & 3 Ave,40.74394314,-73.97966069,Station
516,E 47 St & 1 Ave,40.75206862,-73.96784384,Station
455,1 Ave & E 44 St,40.75001986,-73.96905301,Station
3378,E 76 St & Park Ave,40.773763,-73.96222088,Station
266,Avenue D & E 8 St,40.72368361,-73.97574813,Station
3147,E 85 St & 3 Ave,40.77801203,-73.95407149,Station
3243,E 58 St & 1 Ave,40.75892386,-73.96226227,Station
349,Rivington St & Ridge St,40.71850211,-73.98329859,Station
3660,W 16 St & 8 Ave,40.74102151,-74.00138497,Station
3583,Eastern Pkwy & Washington Ave,40.6716493,-73.9631145,Station
3438,E 76 St & 3 Ave,40.77224854,-73.95842135,Station
3289,W 90 St & Amsterdam Ave,40.79017948,-73.97288918,Station
528,2 Ave & E 31 St,40.74290902,-73.97706058,Station
3063,Nostrand Ave & Myrtle Ave,40.69527008,-73.95238108,Station
411,E 6 St & Avenue D,40.72228087,-73.97668709,Station
3156,E 72 St & York Ave,40.76663814,-73.95348296,Station
3101,N 12 St & Bedford Ave,40.72079821,-73.95484712,Station
3081,Graham Ave & Grand St,40.711863,-73.944024,Station
471,Grand St & Havemeyer St,40.71286844,-73.95698119,Station
3613,Center Blvd & 48 Ave,40.745038,-73.957539,Station
3552,W 113 St & Broadway,40.805973,-73.964928,Station
3347,Van Brunt St & Wolcott St,40.6773429,-74.01275056,Station
3348,Coffey St & Conover St,40.677236,-74.015665,Station
3388,President St & Henry St,40.6828003,-73.99990419,Station
3408,Congress St & Clinton St,40.6881529,-73.99520919,Station
216,Columbia Heights & Cranberry St,40.70037867,-73.99548059,Station
3180,Brooklyn Bridge Park - Pier 2,40.69878,-73.99712,Station
3393,Richards St & Delavan St,40.6794327,-74.00785041,Station
398,Atlantic Ave & Furman St,40.69165183,-73.9999786,Station
3381,3 St & Hoyt St,40.6777287,-73.99364123,Station
3422,Columbia St & Degraw St,40.6859296,-74.00242364,Station
3396,Clinton St & 4 Place,40.6783563,-74.00014502,Station
3112,Milton St & Franklin St,40.72906,-73.95779,Station
3644,Van Dyke St & Van Brunt St,40.67581623,-74.01488185,Station
3399,7 St & 3 Ave,40.67260298,-73.98983002,Station
3330,Henry St & Bay St,40.6725058,-74.00494695,Station
3392,Commerce St & Van Brunt St,40.6812117,-74.00860912,Station
3344,Pioneer St & Van Brunt St,40.679043,-74.011169,Station
3327,3 Ave & E 100 St,40.7877214,-73.94728331,Station
3337,Dwight St & Van Dyke St,40.67363551,-74.01195556,Station
3340,Wolcott St & Dwight St,40.6753274,-74.0100698,Station
3074,Montrose Ave & Bushwick Ave,40.70767788,-73.94016171,Station
3073,Division Ave & Hooper St,40.70691254,-73.95441667,Station
3179,Park Ave & Marcus Garvey Blvd,40.698617,-73.941342,Station
3342,Pioneer St & Richards St,40.6777748,-74.0094613,Station
3172,W 74 St & Columbus Ave,40.7785669,-73.97754961,Station
3394,Columbia St & W 9 St,40.6769993,-74.00647134,Station
3313,6 Ave & 12 St,40.6663181,-73.9854617,Station
3108,Nassau Ave & Russell St,40.72557,-73.94434,Station
3082,Hope St & Union Ave,40.71167351,-73.95141312,Station
3103,N 11 St & Wythe Ave,40.72153267,-73.95782357,Station
3125,45 Rd & 11 St,40.74708586,-73.94977234,Station
3351,E 102 St & 1 Ave,40.7869946,-73.94164802,Station
3328,W 100 St & Manhattan Ave,40.795,-73.9645,Station
3132,E 59 St & Madison Ave,40.76350532,-73.97109243,Station
3468,NYCBS Depot - STY - Garage 4,40.7303801,-73.9747502,Station
3165,Central Park West & W 72 St,40.77579377,-73.97620574,Station
3293,W 92 St & Broadway,40.7921,-73.9739,Station
454,E 51 St & 1 Ave,40.75455731,-73.96592976,Station
3042,Fulton St & Utica Ave,40.6794268,-73.9298911,Station
3096,Union Ave & N 12 St,40.71924,-73.95242,Station
3064,Myrtle Ave & Lewis Ave,40.69681963,-73.93756926,Station
3086,Graham Ave & Conselyea St,40.715143,-73.944507,Station
3150,E 85 St & York Ave,40.77536905,-73.94803392,Station
3430,Richardson St & N Henry St,40.71907891,-73.9422369,Station
3102,Driggs Ave & Lorimer St,40.72179134,-73.9504154,Station
3092,Berry St & N 8 St,40.7190095,-73.95852515,Station
3131,E 68 St & 3 Ave,40.7671284,-73.96224618,Station
3168,Central Park West & W 85 St,40.78472675,-73.96961715,Station
3310,14 St & 7 Ave,40.663779,-73.98396846,Station
3383,Cathedral Pkwy & Broadway,40.804213,-73.96699104,Station
3596,Sullivan Pl & Bedford Ave,40.6642406,-73.9574686,Station
3052,Lewis Ave & Madison St,40.686312,-73.935775,Station
3288,E 88 St & 1 Ave,40.778301,-73.9488134,Station
3615,44 Dr & 21 St,40.748,-73.9460927,Station
3148,E 84 St & 1 Ave,40.77565541,-73.95068615,Station
3350,W 100 St & Broadway,40.7973721,-73.97041192,Station
3286,E 89 St & 3 Ave,40.7806284,-73.9521667,Station
3136,5 Ave & E 63 St,40.766368,-73.971518,Station
3124,46 Ave & 5 St,40.74731,-73.95451,Station
3387,E 106 St & Madison Ave,40.7934337,-73.94945003,Station
3170,W 84 St & Columbus Ave,40.78499979,-73.97283406,Station
3135,E 75 St & 3 Ave,40.77112927,-73.95772297,Station
3400,E 110 St & Madison Ave,40.7961535,-73.94782145,Station
3369,E 82 St & East End Ave,40.7724607,-73.9468208,Station
3654,31 St & Northern Blvd,40.75186951,-73.9334929,Station
3602,31 Ave & 34 St,40.763154,-73.920827,Station
3294,E 91 St & Park Ave,40.7835016,-73.955327,Station
3312,1 Ave & E 94 St,40.7817212,-73.94594,Station
3238,E 80 St & 2 Ave,40.7739139,-73.95439535,Station
3521,Lenox Ave & W 111 St,40.7987859,-73.9523,Station
3553,Frederick Douglass Blvd & W 112 St,40.801694,-73.957145,Station
3118,McGuinness Blvd & Eagle St,40.73555,-73.95284,Station
3137,5 Ave & E 73 St,40.77282817,-73.96685276,Station
3152,3 Ave & E 71 St,40.76873687,-73.96119945,Station
3370,E 78 St & 2 Ave,40.7727966,-73.95577801,Station
3139,E 72 St & Park Ave,40.77118288,-73.96409422,Station
3157,East End Ave & E 86 St,40.77518615,-73.94446054,Station
3146,E 81 St & 3 Ave,40.77573034,-73.9567526,Station
3127,9 St & 44 Rd,40.74966,-73.9521,Station
3284,E 88 St & Park Ave,40.7814107,-73.95595908,Station
3355,E 66 St & Madison Ave,40.76800889,-73.96845281,Station
3606,49 Ave & 21 St,40.74252,-73.948852,Station
3325,E 95 St & 3 Ave,40.7849032,-73.950503,Station
3090,N 8 St & Driggs Ave,40.71774592,-73.95600096,Station
3390,E 109 St & 3 Ave,40.79329668,-73.9432083,Station
3285,W 87 St & Amsterdam Ave,40.78839,-73.9747,Station
3614,Crescent St & 30 Ave,40.768692,-73.9249574,Station
3144,E 81 St & Park Ave,40.77677702,-73.9590097,Station
3374,Central Park North & Adam Clayton Powell Blvd,40.799484,-73.955613,Station
3509,Lenox Ave & W 115 St,40.8011939,-73.9500739,Station
3629,Adam Clayton Powell Blvd & W 126 St,40.80949535,-73.94776493,Station
3343,W 107 St & Columbus Ave,40.7997568,-73.96211287,Station
3598,Newton Rd & 44 St,40.7595701,-73.9142678,Station
3518,Lenox Ave & W 126 St,40.808442,-73.9452087,Station
3151,E 81 St & York Ave,40.7728384,-73.94989233,Station
3130,21 St & Queens Plaza North,40.75325964,-73.94335788,Station
3497,Pleasant Ave & E 116 St,40.7949879,-73.9333349,Station
3538,W 110 St & Amsterdam Ave,40.802692,-73.96295,Station
3391,E 106 St & 1 Ave,40.7892529,-73.93956237,Station
3357,W 106 St & Amsterdam Ave,40.8008363,-73.96644925,Station
3490,E 116 St & 2 Ave,40.796879,-73.937261,Station
3295,Central Park W & W 96 St,40.79127,-73.964839,Station
3506,Lexington Ave & E 120 St,40.8013066,-73.9398167,Station
3454,Leonard St & Maujer St,40.71036854,-73.94705951,Station
3575,Crescent St & 34 Ave,40.76108,-73.930562,Station
3292,5 Ave & E 93 St,40.7857851,-73.957481,Station
3441,10 Hudson Yards,40.752957,-74.00264,Station
443,Bedford Ave & S 9 St,40.70853074,-73.96408963,Station
3119,Vernon Blvd & 50 Ave,40.74232744,-73.95411749,Station
3245,NYCBS DEPOT - DELANCEY,40.71644423,-73.98233056,Station
3290,E 89 St & York Ave,40.7779453,-73.946041,Station
3336,E 97 St & Madison Ave,40.787801,-73.953559,Station
3105,N 15 St & Wythe Ave,40.724055,-73.955736,Station
3623,W 120 St & Claremont Ave,40.8109494,-73.9634,Station
3510,Adam Clayton Powell Blvd & W 123 St,40.8078316,-73.949373,Station
2022,E 60 St & York Ave,40.759107,-73.959223,Station
3116,Huron St & Franklin St,40.73266,-73.95826,Station
3496,1 Ave & E 110 St,40.7923272,-73.9383,Station
3498,Pleasant Ave & E 120 St,40.7974772,-73.9311847,Station
3647,48 Ave & 30 Pl,40.74128309,-73.93725872,Station
3309,E 97 St & 3 Ave,40.7859201,-73.94860294,Station
3566,Crescent St & 35 Ave,40.7596276,-73.9321455,Station
3593,31 St & Broadway,40.761584,-73.925921,Station
3611,Vernon Blvd & 47 Rd,40.7449067,-73.9534573,Station
3087,Metropolitan Ave & Meeker Ave,40.71413311,-73.95234386,Station
3069,Lorimer St & Broadway,40.70411791,-73.94818595,Station
3113,Greenpoint Ave & Manhattan Ave,40.73026,-73.95394,Station
428,E 3 St & 1 Ave,40.72467721,-73.98783413,Station
3123,31 St & Thomson Ave,40.74469738,-73.93540375,Station
3631,Crown St & Bedford Ave,40.666563,-73.956741,Station
3061,Throop Ave & Myrtle Ave,40.69622937,-73.94371094,Station
3091,Frost St & Meeker St,40.71764,-73.94882,Station
3541,Amsterdam Ave & W 125 St,40.813358,-73.956461,Station
3591,21 St & 31 Dr,40.7659,-73.930819,Station
3068,Humboldt St & Varet St,40.7031724,-73.940636,Station
3531,Frederick Douglass Blvd & W 129 St,40.8125511,-73.9492286,Station
3117,Franklin St & Dupont St,40.73564,-73.95866,Station
3587,Carroll St & Washington Ave,40.6686744,-73.9618148,Station
3059,Pulaski St & Marcus Garvey Blvd,40.6933982,-73.939877,Station
3109,Banker St & Meserole Ave,40.72606,-73.95621,Station
3403,4 Ave & 9 St,40.6705135,-73.98876585,Station
3452,Bayard St & Leonard St,40.71915572,-73.94885391,Station
3618,27 St & Hunter St,40.7485,-73.941275,Station
3071,Boerum St & Broadway,40.70538077,-73.94976519,Station
3065,Union Ave & Wallabout St,40.70029511,-73.95032283,Station
3563,28 St & 36 Ave,40.757186,-73.932719,Station
3072,Leonard St & Boerum St,40.70583339,-73.94644578,Station
3477,39 St & 2 Ave - Citi Bike HQ at Industry City,40.65539977,-74.01062787,Station
3590,Carroll St & Franklin Ave,40.6679411,-73.9588,Station
3585,Union St & Bedford Ave,40.6691783,-73.9554162,Station
3094,Graham Ave & Withers St,40.7169811,-73.94485918,Station
3324,3 Ave & 14 St,40.6685455,-73.99333264,Station
3367,5 Ave & E 103 St,40.7922553,-73.95249933,Station
3595,35 St & Broadway,40.760339,-73.9222427,Station
3070,McKibbin St & Manhattan Ave,40.70510918,-73.94407279,Station
3560,28 St & 38 Ave,40.754876,-73.934326,Station
3128,21 St & 43 Ave,40.75052534,-73.94594845,Station
3652,NYCBS Depot - 3AV,40.67013328,-73.99230838,Repair
3594,Montgomery St & Franklin Ave OLD,40.6661649,-73.9593484,Station
3469,India St & West St,40.73181402,-73.95995021,Station
3395,Henry St & W 9 St [old],40.6763744,-74.00324957,Station
3345,Madison Ave & E 99 St,40.78948542,-73.95242929,Station
3642,E 98 St & Lexington Ave,40.7872852,-73.95012259,Station
3341,Central Park West & W 102 St,40.795346,-73.96186,Station
3379,E 103 St & Lexington Ave,40.7903051,-73.94755757,Station
3318,2 Ave & E 96 St,40.7839636,-73.9471673,Station
3556,24 St & 41 Ave,40.7527085,-73.9397405,Station
3507,Park Ave & E 124 St,40.8045555,-73.9396861,Station
3568,34 St & 35 Ave,40.7569332,-73.9262231,Station
3535,Mt Morris Park W & W 120 St,40.804038,-73.945925,Station
3646,35 Ave & 10 St,40.76315482,-73.9398551,Station
3527,5 Ave & E 126 St,40.80698,-73.941747,Station
3296,E 93 St & 2 Ave,40.78245418,-73.94891962,Station
3363,E 102 St & Park Ave,40.7904828,-73.95033068,Station
3520,Adam Clayton Powell Blvd & W 118 St,40.804372,-73.951475,Station
3649,W 129 St & Convent Ave,40.81439444,-73.95324737,Station
3512,27 Ave & 4 St,40.7747175,-73.9337894,Station
3551,3 Ave & E 112 St,40.795508,-73.941606,Station
3500,E 115 St & Madison Ave,40.7989445,-73.944846,Station
3545,Broadway & W 122 St,40.8120562,-73.9612547,Station
3620,11 St & 43 Ave,40.7519071,-73.9479119,Station
3122,48 Ave & 5 St,40.74436329,-73.95587325,Station
3621,27 Ave & 9 St,40.7739825,-73.9309134,Station
3126,44 Dr & Jackson Ave,40.74718234,-73.9432635,Station
3491,E 118 St & 1 Ave,40.79747,-73.93504,Station
3338,2 Ave & E 99 St,40.7862586,-73.94552579,Station
3555,28 St & 41 Ave,40.751047,-73.93797,Station
3605,31 Ave & Crescent St,40.7658346,-73.9265474,Station
3221,47 Ave & 31 St,40.743,-73.93561,Station
3530,Crescent St & Ditmars Blvd,40.7787185,-73.9145645,Station
3425,2 Ave & E 104 St,40.7892105,-73.94370784,Station
3588,Vernon Blvd & 10 St,40.7671863,-73.9373554,Station
3625,28 St & 40 Ave,40.7525758,-73.9364281,Station
3326,Clinton St & Centre St,40.67434,-74.00194698,Station
3619,Newtown Ave & 23 St,40.7713615,-73.9246145,Station
3532,Ditmars Blvd & 19 St,40.78145,-73.9183302,Station
3564,21 St & 36 Ave,40.7601853,-73.9362726,Station
3505,Lexington Ave & E 127 St,40.805726,-73.936322,Station
3515,24 Ave & 26 St,40.774591,-73.918544,Station
3503,Madison Ave & E 120 St,40.80295,-73.942954,Station
3449,Eckford St & Engert Ave,40.72146256,-73.94800901,Station
3499,2 Ave & E 122 St,40.8006721,-73.9349,Station
3240,NYCBS Depot BAL - DYR,40.75903008,-73.9938587,Station
3577,34 Ave & 21 St,40.7628138,-73.9342862,Station
3529,Lenox Ave & W 130 St,40.8107922,-73.9430681,Station
3456,Jackson St & Leonard St,40.71638032,-73.94821286,Station
3095,Graham Ave & Herbert St,40.71929301,-73.94500379,Station
3501,E 118 St & Madison Ave,40.8014866,-73.9442507,Station
3495,E 114 St & 1 Ave,40.7945663,-73.9362541,Station
3597,43 St & Broadway,40.7577284,-73.9166368,Station
3424,E 106 St & Lexington Ave,40.791976,-73.945993,Station
3432,NYCBS Depot - GOW,40.66906014,-73.99463654,Station
3184,Paulus Hook,40.7141454,-74.0335519,Repair
3333,Columbia St & Lorraine St,40.6747055,-74.0075572,Station
3592,Crescent St & Broadway,40.7633589,-73.9286471,Station
3493,E 118 St & 3 Ave,40.799139,-73.9389152,Station
3617,28 Ave & 35 St,40.7671,-73.9169858,Station
3514,Astoria Park S & Shore Blvd,40.7767,-73.927631,Station
3570,35 Ave & 37 St,40.7557327,-73.9236611,Station
3502,Lexington Ave & E 111 St,40.7954121,-73.9441232,Station
3589,Broadway & 12 St,40.7668,-73.9347774,Station
3516,31 St & Astoria Blvd,40.7699176,-73.9184057,Station
3302,Columbus Ave & W 103 St,40.7969347,-73.96434123,Station
3543,Morningside Dr & Amsterdam Ave,40.81028506,-73.95736456,Station
3603,31 Ave & 30 St,40.7647,-73.9240312,Station
3573,35 St & 34 Ave,40.7580583,-73.9242751,Station
3554,Vernon Blvd & 41 Rd,40.7552433,-73.9485678,Station
3511,Adam Clayton Powell Blvd & W 115 St,40.802535,-73.9532423,Station
3609,Vernon Blvd & 31 Ave,40.7692475,-73.9354504,Station
3504,E 123 St & Lexington Ave,40.8029263,-73.9379,Station
3561,37 Ave & 35 St,40.7531106,-73.9279917,Station
3572,34 Ave & 38 St,40.756913,-73.921631,Station
3526,31 St & 23 Ave,40.7747878,-73.9125551,Station
3622,E 128 St & Madison Ave,40.80756,-73.939182,Station
3428,8 Ave & W 16 St,40.740983,-74.001702,Repair
3586,34 Ave & 13 St,40.7638753,-73.9364848,Station
3653,31 St & 35 Ave,40.75820465,-73.9283216,Station
3492,E 118 St & Park Ave,40.8005385,-73.9419949,Station
3485,NYCBS Depot - RIS,40.725208,-73.974724,Station
3540,Morningside Ave & W 123 St,40.81,-73.9551508,Station
3494,E 115 St & Lexington Ave,40.797911,-73.9423,Station
3612,30 Ave & 21 St,40.7703743,-73.9286078,Station
3522,37 St & 24 Ave,40.7701477,-73.9120938,Station
3120,Center Blvd & Borden Ave,40.74161,-73.96044,Station
3567,11 St & 35 Ave,40.7627442,-73.9391141,Station
3616,Steinway St & 28 Ave,40.7656251,-73.9136695,Station
3610,Vernon Blvd & 30 Rd,40.770845,-73.934171,Station
3565,36 Ave & 10 St,40.7614376,-73.9411265,Station
3607,31 Ave & 14 St,40.7682,-73.9322662,Station
3528,Steinway St & 23 Ave,40.7713937,-73.9077436,Station
3524,19 St & 24 Ave,40.7774552,-73.9225403,Station
3525,23 Ave & 27 St,40.776165,-73.9153175,Station
3513,21 St & Hoyt Ave S,40.774645,-73.923706,Station
3517,31 St & Hoyt Ave N,40.7711528,-73.9170074,Station
3559,21 St & 38 Ave,40.7576314,-73.9391224,Station
3557,40 Ave & 9 St,40.75742,-73.945133,Station
3523,24 Ave & 29 St,40.7729,-73.916142,Station
3239,Bressler,40.64653837,-74.01658773,Station
3250,NYCBS Depot - PIT,40.71690978,-73.98383796,Station
3488,8D QC Station 01,45.50636405,-73.56946349,Station
3662,31 Ave & Steinway St,40.7612939,-73.91691685,Station
3650,8D Mobile 01,45.50626419,-73.56890559,Station
3457,E 58 St & Madison Ave,40.76302594,-73.97209525,Station
3214,Essex Light Rail,40.7127742,-74.0364857,Repair
3040,GOW Tech Shop,40.66979964,-73.99497986,Station
3481,York St,40.71649,-74.04105,Repair
3267,Morris Canal,40.71241882,-74.03852552,Repair
3608,5 St & 51 Ave,40.7423737,-73.9566,Station
3668,Leonard St & Nassau Ave,40.72395678,-73.94984365,Station
3487,Prototype Lab Motivate Headquarters,40.65659567,-74.00849283,Station
3671,E 81 St & 2 Ave,40.77477945,-73.95427465,Station
3674,Jay St & York St,40.70140317,-73.9867267,Station
3669,Henry St & W 9 St,40.67630358,-74.00314048,Station
3299,E 98 St & Park Ave,40.78813,-73.95206,Station
3672,Apache,40.66976709,-73.99474382,Station
3192,Liberty Light Rail,40.7112423,-74.0557013,Repair
3680,E 43 St & 5 Ave,40.75412081,-73.98025185,Station
3673,Dean St & Franklin Ave,40.67759207,-73.95563722,Station
3628,Lenox Ave & W 117 St,40.8025566,-73.9490782,Station
3681,Grand St,40.71517768,-74.03768331,Repair
3182,Yankee Ferry Terminal,40.686931,-74.016966,Station
3185,City Hall,40.7177325,-74.043845,Repair
3254,Soissons Landing,40.69231661,-74.01486576,Station
3186,Grove St PATH,40.71958612,-74.04311746,Repair
3684,W 12 St & W 4 St,40.73756121,-74.00398269,Station
3686,Gansevoort St & Hudson St,40.7394482,-74.00507033,Station
3683,Smart Cities Conference,40.71015471,-73.98453534,Station
3676,Van Brunt St & Van Dyke St,40.67583294,-74.01472628,Station
3675,3 Ave & E 95 St,40.7845968,-73.94968539,Station
3666,32 St & 30 Ave,40.76642553,-73.92062902,Station
3276,Marin Light Rail,40.71458404,-74.04281706,Repair
3183,Exchange Place,40.7162469,-74.0334588,Repair
3685,Prospect Park - 5 Year Anniversary Celebration,40.66065237,-73.96459043,Station
3213,Van Vorst Park,40.71848892,-74.04772663,Repair
3479,Picnic Point,40.6851256,-74.02535319,Station
3196,Riverview Park,40.7443187,-74.0439909,Repair
3195,Sip Ave,40.73074263,-74.06378388,Repair
3203,Hamilton Park,40.72759597,-74.04424731,Repair
3198,Heights Elevator,40.74871595,-74.0404433,Repair
3426,JCBS Depot,40.70965083,-74.06860113,Repair
3687,E 33 St & 1 Ave,40.74322681,-73.97449784,Station
298,3 Ave & Schermerhorn St,40.68683208,-73.9796772,Station
3688,2 Ave & E 55 St,40.75792021,-73.96638215,Station
3689,W 104 St & Amsterdam Ave,40.79904139,-73.9664948,Station
3275,Columbus Drive,40.7183552,-74.03891444,Repair
3692,5 St & Market St,40.69999748,-73.97440128,Station
3691,28 Ave & 44 St,40.76408932,-73.91065121,Station
3651,Bike Mechanics at Riis Room A,40.72522577,-73.97468617,Repair
3199,Newport Pkwy,40.7287448,-74.0321082,Repair
3036,8D OPS 01,40.66290777,-73.999722,Station
3697,W 64 St & Thelonious Monk Circle,40.77515953,-73.98918696,Station
3690,Park Pl & Church St,40.71334184,-74.00935516,Station
3695,E 5 St & 2 Ave,40.72686952,-73.98919031,Station
3693,N 11 St & Kent Ave,40.72248189,-73.95921931,Station
3153,E 71 St & 2 Ave,40.76817547,-73.95910263,Station
3678,Fairmount Ave,40.72572614,-74.07195926,Repair
3270,Jersey & 6th St,40.72528911,-74.04557168,Repair
3645,Bike Mechanics at Riis Room B,40.67233267,-73.99706125,Repair
3202,Newport PATH,40.7272235,-74.0337589,Repair
3191,Union St,40.7182113,-74.0836394,Repair
3638,Washington St,40.7242941,-74.0354826,Repair
3268,Lafayette Park,40.71346383,-74.06285852,Repair
3699,W 50 St & 9 Ave,40.76360468,-73.98917958,Station
3700,E 87 St & 3 Ave,40.77940609,-73.95333588,Station
3701,Cliff St & Fulton St,40.70831794,-74.00504082,Station
3705,Thompson St & Bleecker St,40.72840059,-73.99968781,Station
3704,47 Ave & Skillman Ave,40.74375241,-73.94176483,Station
493,W 45 St & 6 Ave,40.7568001,-73.98291153,Station
3187,Warren St,40.7211236,-74.03805095,Repair
3630,Frederick Douglass Blvd & W 115 St,40.8038654,-73.9559308,Station
3639,Harborside,40.7192517,-74.034234,Repair
3154,E 77 St & 3 Ave,40.77314236,-73.95856158,Station
433,old - E 13 St & Avenue A,40.72955361,-73.98057249,Station
253,W 13 St & 5 Ave -moved to 5947.04,40.73543934,-73.99453948,Station
3709,W 15 St & 6 Ave,40.73804614,-73.99642959,Station
3711,E 13 St & Avenue A,40.72966729,-73.98067966,Station
3712,W 35 St & Dyer Ave,40.75469175,-73.99740189,Station
3040,Handlebar @ Gowanus,40.66979964,-73.99497986,Station
3714,Division Av & Hooper St,40.70684203,-73.9544354,Station
3277,Communipaw & Berry Lane,40.71435837,-74.06661093,Repair
3715,Driggs Ave & N 9 St,40.71816969,-73.95520136,Station
3716,40 Ave & Crescent St,40.7535992,-73.93795609,Station
3279,Dixon Mills,40.72163014,-74.04996783,Repair
530,11 Ave & W 59 St,40.77149671,-73.99046034,Station
3669,Henry St & W 9 St (OLD),40.67630358,-74.00314048,Station
3718,E 11 St & Avenue B,40.72746421,-73.97950418,Station
3719,S Portland Ave & Atlantic Ave,40.68322254,-73.97381186,Station
3721,31 St & Newtown Ave,40.76754878,-73.92093346,Station
3720,Wyckoff St & Bond St,40.68461654,-73.98721285,Station
3395,Henry St & W 9 St,40.6763744,-74.00324957,Station
